{"chunk_definitions":[{"chunk_id":"csetup_chunk","chunk_label":"setup","document_id":"BF93B872","expansion_state":0,"options":{"engine":"r","include":false,"label":"setup"},"row":16,"row_count":1,"visible":true},{"chunk_id":"c55y39b2o2yxo","chunk_label":"unnamed-chunk-1","document_id":"BF93B872","expansion_state":0,"options":{"engine":"r","label":"unnamed-chunk-1"},"row":43,"row_count":1,"visible":true},{"chunk_id":"c8y9lu1c8pmjl","chunk_label":"unnamed-chunk-2","document_id":"BF93B872","expansion_state":0,"options":{"engine":"r","label":"unnamed-chunk-2"},"row":49,"row_count":1,"visible":true},{"chunk_id":"cx1vai8jpajt4","chunk_label":"unnamed-chunk-3","document_id":"BF93B872","expansion_state":0,"options":{"engine":"r","label":"unnamed-chunk-3"},"row":59,"row_count":1,"visible":true},{"chunk_id":"cyqs92g58sov5","chunk_label":"unnamed-chunk-4","document_id":"BF93B872","expansion_state":0,"options":{"engine":"r","label":"unnamed-chunk-4"},"row":67,"row_count":1,"visible":true},{"chunk_id":"c16s8mq079r7d","chunk_label":"unnamed-chunk-5","document_id":"BF93B872","expansion_state":0,"options":{"engine":"r","label":"unnamed-chunk-5"},"row":78,"row_count":1,"visible":true},{"chunk_id":"cn1vanb5l0qs6","chunk_label":"unnamed-chunk-6","document_id":"BF93B872","expansion_state":0,"options":{"engine":"r","label":"unnamed-chunk-6"},"row":84,"row_count":1,"visible":true},{"chunk_id":"czz5vpslhu12b","chunk_label":"unnamed-chunk-7","document_id":"BF93B872","expansion_state":0,"options":{"engine":"r","label":"unnamed-chunk-7"},"row":94,"row_count":1,"visible":true},{"chunk_id":"c1f45ebj9ksdq","chunk_label":"unnamed-chunk-8","document_id":"BF93B872","expansion_state":0,"options":{"engine":"r","label":"unnamed-chunk-8"},"row":101,"row_count":1,"visible":true},{"chunk_id":"chkbtuubmviow","chunk_label":"unnamed-chunk-9","document_id":"BF93B872","expansion_state":0,"options":{"engine":"r","label":"unnamed-chunk-9"},"row":108,"row_count":1,"visible":true},{"chunk_id":"clqx3r6rzucht","chunk_label":"unnamed-chunk-10","document_id":"BF93B872","expansion_state":0,"options":{"engine":"r","label":"unnamed-chunk-10"},"row":122,"row_count":1,"visible":true},{"chunk_id":"cqh27xi528x8g","chunk_label":"unnamed-chunk-11","document_id":"BF93B872","expansion_state":0,"options":{"engine":"r","label":"unnamed-chunk-11"},"row":126,"row_count":1,"visible":true},{"chunk_id":"cnhrg8au3kp04","chunk_label":"unnamed-chunk-12","document_id":"BF93B872","expansion_state":0,"options":{"engine":"r","label":"unnamed-chunk-12"},"row":141,"row_count":1,"visible":true},{"chunk_id":"cawraqirmzavb","chunk_label":"unnamed-chunk-13","document_id":"BF93B872","expansion_state":0,"options":{"engine":"r","label":"unnamed-chunk-13"},"row":145,"row_count":1,"visible":true},{"chunk_id":"c8f9qhtjlrot9","chunk_label":"unnamed-chunk-14","document_id":"BF93B872","expansion_state":0,"options":{"engine":"r","label":"unnamed-chunk-14"},"row":151,"row_count":1,"visible":true},{"chunk_id":"cvw3b7guq185w","chunk_label":"unnamed-chunk-15","document_id":"BF93B872","expansion_state":0,"options":{"engine":"r","label":"unnamed-chunk-1"},"row":157,"row_count":1,"visible":true},{"chunk_id":"c4oow8sfql8i7","chunk_label":"unnamed-chunk-16","document_id":"BF93B872","expansion_state":0,"options":{},"row":165,"row_count":1,"visible":true},{"chunk_id":"cod7hhn6rc4m1","chunk_label":"unnamed-chunk-17","document_id":"BF93B872","expansion_state":0,"options":{},"row":174,"row_count":1,"visible":true},{"chunk_id":"cx28r2wbcf0pm","chunk_label":"unnamed-chunk-18","document_id":"BF93B872","expansion_state":0,"options":{},"row":182,"row_count":1,"visible":true},{"chunk_id":"c0xs0upm0680n","chunk_label":"unnamed-chunk-19","document_id":"BF93B872","expansion_state":0,"options":{},"row":188,"row_count":1,"visible":true},{"chunk_id":"ckfgye4tl059a","chunk_label":"unnamed-chunk-20","document_id":"BF93B872","expansion_state":0,"options":{},"row":201,"row_count":1,"visible":true},{"chunk_id":"cw98oi0h3k230","chunk_label":"unnamed-chunk-21","document_id":"BF93B872","expansion_state":0,"options":{},"row":218,"row_count":1,"visible":true},{"chunk_id":"c0wgr2uvdahbw","chunk_label":"unnamed-chunk-22","document_id":"BF93B872","expansion_state":0,"options":{},"row":222,"row_count":1,"visible":true},{"chunk_id":"c1ghj963yyd57","chunk_label":"unnamed-chunk-23","document_id":"BF93B872","expansion_state":0,"options":{},"row":226,"row_count":1,"visible":true},{"chunk_id":"cwx6wrj4vlv58","chunk_label":"unnamed-chunk-24","document_id":"BF93B872","expansion_state":0,"options":{},"row":237,"row_count":1,"visible":true},{"chunk_id":"c42hxmjtkrqlg","chunk_label":"unnamed-chunk-25","document_id":"BF93B872","expansion_state":0,"options":{},"row":248,"row_count":1,"visible":true},{"chunk_id":"ch1gw2fymfg0c","chunk_label":"unnamed-chunk-26","document_id":"BF93B872","expansion_state":0,"options":{},"row":257,"row_count":1,"visible":true},{"chunk_id":"crblg2m8hnqjn","chunk_label":"unnamed-chunk-27","document_id":"BF93B872","expansion_state":0,"options":{},"row":269,"row_count":1,"visible":true},{"chunk_id":"cl8xjrgqysrpp","chunk_label":"unnamed-chunk-28","document_id":"BF93B872","expansion_state":0,"options":{},"row":281,"row_count":1,"visible":true},{"chunk_id":"cm3cbboaw6109","chunk_label":"unnamed-chunk-29","document_id":"BF93B872","expansion_state":0,"options":{},"row":285,"row_count":1,"visible":true},{"chunk_id":"c1lwx5am9pooj","chunk_label":"unnamed-chunk-30","document_id":"BF93B872","expansion_state":0,"options":{},"row":298,"row_count":1,"visible":true},{"chunk_id":"cqr0jcigj0p4i","chunk_label":"unnamed-chunk-31","document_id":"BF93B872","expansion_state":0,"options":{},"row":303,"row_count":1,"visible":true},{"chunk_id":"clkyfa1s2uo86","chunk_label":"unnamed-chunk-32","document_id":"BF93B872","expansion_state":0,"options":{},"row":315,"row_count":1,"visible":true},{"chunk_id":"cdxixpb73mlxg","chunk_label":"unnamed-chunk-33","document_id":"BF93B872","expansion_state":0,"options":{},"row":319,"row_count":1,"visible":true},{"chunk_id":"cssos9wop6iwg","chunk_label":"unnamed-chunk-34","document_id":"BF93B872","expansion_state":0,"options":{},"row":323,"row_count":1,"visible":true},{"chunk_id":"cm18xdocrceu3","chunk_label":"unnamed-chunk-35","document_id":"BF93B872","expansion_state":0,"options":{},"row":339,"row_count":1,"visible":true},{"chunk_id":"cs0lt0cdx3cvd","chunk_label":"unnamed-chunk-36","document_id":"BF93B872","expansion_state":0,"options":{},"row":344,"row_count":1,"visible":true},{"chunk_id":"cf26jaxcuv9vm","chunk_label":"unnamed-chunk-37","document_id":"BF93B872","expansion_state":0,"options":{},"row":349,"row_count":1,"visible":true},{"chunk_id":"cf0alccb1cr43","chunk_label":"unnamed-chunk-38","document_id":"BF93B872","expansion_state":0,"options":{},"row":359,"row_count":1,"visible":true}],"default_chunk_options":{"echo":true},"doc_write_time":1576359264,"working_dir":null}