{"chunk_definitions":[{"chunk_id":"csetup_chunk","chunk_label":"setup","document_id":"BF93B872","expansion_state":0,"options":{"engine":"r","include":false,"label":"setup"},"row":16,"row_count":1,"visible":true},{"chunk_id":"c55y39b2o2yxo","chunk_label":"unnamed-chunk-1","document_id":"BF93B872","expansion_state":0,"options":{"engine":"r","label":"unnamed-chunk-1"},"row":77,"row_count":1,"visible":true},{"chunk_id":"c8y9lu1c8pmjl","chunk_label":"unnamed-chunk-2","document_id":"BF93B872","expansion_state":0,"options":{"engine":"r","label":"unnamed-chunk-2"},"row":83,"row_count":1,"visible":true},{"chunk_id":"cx1vai8jpajt4","chunk_label":"unnamed-chunk-3","document_id":"BF93B872","expansion_state":0,"options":{"engine":"r","label":"unnamed-chunk-3"},"row":93,"row_count":1,"visible":true},{"chunk_id":"cyqs92g58sov5","chunk_label":"unnamed-chunk-4","document_id":"BF93B872","expansion_state":0,"options":{"engine":"r","label":"unnamed-chunk-4"},"row":101,"row_count":1,"visible":true},{"chunk_id":"c16s8mq079r7d","chunk_label":"unnamed-chunk-5","document_id":"BF93B872","expansion_state":0,"options":{"engine":"r","label":"unnamed-chunk-5"},"row":112,"row_count":1,"visible":true},{"chunk_id":"cn1vanb5l0qs6","chunk_label":"unnamed-chunk-6","document_id":"BF93B872","expansion_state":0,"options":{"engine":"r","label":"unnamed-chunk-6"},"row":118,"row_count":1,"visible":true},{"chunk_id":"czz5vpslhu12b","chunk_label":"unnamed-chunk-7","document_id":"BF93B872","expansion_state":0,"options":{"engine":"r","label":"unnamed-chunk-7"},"row":128,"row_count":1,"visible":true},{"chunk_id":"c1f45ebj9ksdq","chunk_label":"unnamed-chunk-8","document_id":"BF93B872","expansion_state":0,"options":{"engine":"r","label":"unnamed-chunk-8"},"row":135,"row_count":1,"visible":true},{"chunk_id":"chkbtuubmviow","chunk_label":"unnamed-chunk-9","document_id":"BF93B872","expansion_state":0,"options":{"engine":"r","label":"unnamed-chunk-9"},"row":142,"row_count":1,"visible":true},{"chunk_id":"clqx3r6rzucht","chunk_label":"unnamed-chunk-10","document_id":"BF93B872","expansion_state":0,"options":{"engine":"r","label":"unnamed-chunk-10"},"row":156,"row_count":1,"visible":true},{"chunk_id":"cqh27xi528x8g","chunk_label":"unnamed-chunk-11","document_id":"BF93B872","expansion_state":0,"options":{"engine":"r","label":"unnamed-chunk-11"},"row":160,"row_count":1,"visible":true},{"chunk_id":"cnhrg8au3kp04","chunk_label":"unnamed-chunk-12","document_id":"BF93B872","expansion_state":0,"options":{"engine":"r","label":"unnamed-chunk-12"},"row":175,"row_count":1,"visible":true},{"chunk_id":"cawraqirmzavb","chunk_label":"unnamed-chunk-13","document_id":"BF93B872","expansion_state":0,"options":{"engine":"r","label":"unnamed-chunk-13"},"row":179,"row_count":1,"visible":true},{"chunk_id":"c8f9qhtjlrot9","chunk_label":"unnamed-chunk-14","document_id":"BF93B872","expansion_state":0,"options":{"engine":"r","label":"unnamed-chunk-14"},"row":185,"row_count":1,"visible":true},{"chunk_id":"cvw3b7guq185w","chunk_label":"unnamed-chunk-15","document_id":"BF93B872","expansion_state":0,"options":{"engine":"r","label":"unnamed-chunk-15"},"row":191,"row_count":1,"visible":true},{"chunk_id":"ctu85dlujaubw","chunk_label":"unnamed-chunk-16","document_id":"BF93B872","expansion_state":0,"options":{"engine":"r","label":"unnamed-chunk-16"},"row":199,"row_count":1,"visible":true},{"chunk_id":"cvsv59rwt8qx3","chunk_label":"unnamed-chunk-17","document_id":"BF93B872","expansion_state":0,"options":{"engine":"r","label":"unnamed-chunk-17"},"row":208,"row_count":1,"visible":true},{"chunk_id":"cn941pfekt28l","chunk_label":"unnamed-chunk-18","document_id":"BF93B872","expansion_state":0,"options":{"engine":"r","label":"unnamed-chunk-18"},"row":216,"row_count":1,"visible":true},{"chunk_id":"cjyka45aayuhf","chunk_label":"unnamed-chunk-19","document_id":"BF93B872","expansion_state":0,"options":{"engine":"r","label":"unnamed-chunk-19"},"row":222,"row_count":1,"visible":true},{"chunk_id":"c504eduhwdsrt","chunk_label":"unnamed-chunk-20","document_id":"BF93B872","expansion_state":0,"options":{"engine":"r","label":"unnamed-chunk-20"},"row":235,"row_count":1,"visible":true},{"chunk_id":"crzqbokl0xjus","chunk_label":"unnamed-chunk-21","document_id":"BF93B872","expansion_state":0,"options":{"engine":"r","label":"unnamed-chunk-21"},"row":252,"row_count":1,"visible":true},{"chunk_id":"cbkmq8zqysolq","chunk_label":"unnamed-chunk-22","document_id":"BF93B872","expansion_state":0,"options":{"engine":"r","label":"unnamed-chunk-22"},"row":256,"row_count":1,"visible":true},{"chunk_id":"csc9cqh2x9ser","chunk_label":"unnamed-chunk-23","document_id":"BF93B872","expansion_state":0,"options":{"engine":"r","label":"unnamed-chunk-23"},"row":260,"row_count":1,"visible":true},{"chunk_id":"c86ze5oyq16is","chunk_label":"unnamed-chunk-24","document_id":"BF93B872","expansion_state":0,"options":{"engine":"r","label":"unnamed-chunk-24"},"row":271,"row_count":1,"visible":true},{"chunk_id":"cr8asxboxwag6","chunk_label":"unnamed-chunk-25","document_id":"BF93B872","expansion_state":0,"options":{"engine":"r","label":"unnamed-chunk-25"},"row":282,"row_count":1,"visible":true},{"chunk_id":"c67z313otuhl5","chunk_label":"unnamed-chunk-26","document_id":"BF93B872","expansion_state":0,"options":{"engine":"r","label":"unnamed-chunk-26"},"row":291,"row_count":1,"visible":true},{"chunk_id":"c6mb3v0r82squ","chunk_label":"unnamed-chunk-27","document_id":"BF93B872","expansion_state":0,"options":{"engine":"r","label":"unnamed-chunk-27"},"row":303,"row_count":1,"visible":true},{"chunk_id":"cfr0oumlzumce","chunk_label":"unnamed-chunk-28","document_id":"BF93B872","expansion_state":0,"options":{"engine":"r","label":"unnamed-chunk-28"},"row":315,"row_count":1,"visible":true},{"chunk_id":"cryen8t2ybbqy","chunk_label":"unnamed-chunk-29","document_id":"BF93B872","expansion_state":0,"options":{"engine":"r","label":"unnamed-chunk-29"},"row":319,"row_count":1,"visible":true},{"chunk_id":"cw41w2kgxbprq","chunk_label":"unnamed-chunk-30","document_id":"BF93B872","expansion_state":0,"options":{"engine":"r","label":"unnamed-chunk-30"},"row":332,"row_count":1,"visible":true},{"chunk_id":"c9jst1jv1wq1v","chunk_label":"unnamed-chunk-31","document_id":"BF93B872","expansion_state":0,"options":{"engine":"r","label":"unnamed-chunk-31"},"row":337,"row_count":1,"visible":true},{"chunk_id":"c3f19pj0d39pt","chunk_label":"unnamed-chunk-32","document_id":"BF93B872","expansion_state":0,"options":{"engine":"r","label":"unnamed-chunk-32"},"row":349,"row_count":1,"visible":true},{"chunk_id":"c98p79mpc04jo","chunk_label":"unnamed-chunk-33","document_id":"BF93B872","expansion_state":0,"options":{"engine":"r","label":"unnamed-chunk-33"},"row":353,"row_count":1,"visible":true},{"chunk_id":"cmlajfiy9k8xv","chunk_label":"unnamed-chunk-34","document_id":"BF93B872","expansion_state":0,"options":{"engine":"r","label":"unnamed-chunk-34"},"row":357,"row_count":1,"visible":true},{"chunk_id":"cit320mcvs1ma","chunk_label":"unnamed-chunk-35","document_id":"BF93B872","expansion_state":0,"options":{"engine":"r","label":"unnamed-chunk-35"},"row":373,"row_count":1,"visible":true},{"chunk_id":"cfr1pypam1s2g","chunk_label":"unnamed-chunk-36","document_id":"BF93B872","expansion_state":0,"options":{"engine":"r","label":"unnamed-chunk-36"},"row":378,"row_count":1,"visible":true},{"chunk_id":"ccwuyydwsqjhj","chunk_label":"unnamed-chunk-37","document_id":"BF93B872","expansion_state":0,"options":{"engine":"r","label":"unnamed-chunk-37"},"row":383,"row_count":1,"visible":true},{"chunk_id":"cmjgv3keo831g","chunk_label":"unnamed-chunk-38","document_id":"BF93B872","expansion_state":0,"options":{"engine":"r","label":"unnamed-chunk-38"},"row":393,"row_count":1,"visible":true}],"chunk_rendered_width":558,"default_chunk_options":{"echo":true},"doc_write_time":1576370153,"working_dir":null}