{"chunk_definitions":[{"chunk_id":"csetup_chunk","chunk_label":"setup","document_id":"7BC2DB9A","expansion_state":0,"options":{"engine":"r","include":false,"label":"setup"},"row":18,"row_count":1,"visible":true},{"chunk_id":"czjwmofss78gc","chunk_label":"unnamed-chunk-1","document_id":"7BC2DB9A","expansion_state":0,"options":{"engine":"r","label":"unnamed-chunk-82"},"row":29,"row_count":1,"visible":true},{"chunk_id":"cktqowpvn7qy7","chunk_label":"unnamed-chunk-2","document_id":"7BC2DB9A","expansion_state":0,"options":{"engine":"r","label":"unnamed-chunk-83"},"row":45,"row_count":1,"visible":true},{"chunk_id":"cnwm3ybfagr1q","chunk_label":"unnamed-chunk-3","document_id":"7BC2DB9A","expansion_state":0,"options":{"engine":"r","label":"unnamed-chunk-84"},"row":61,"row_count":1,"visible":true},{"chunk_id":"cas3f9yycclb7","chunk_label":"unnamed-chunk-4","document_id":"7BC2DB9A","expansion_state":0,"options":{},"row":72,"row_count":1,"visible":true},{"chunk_id":"cq2hqm9zxwmzd","chunk_label":"unnamed-chunk-5","document_id":"7BC2DB9A","expansion_state":0,"options":{},"row":93,"row_count":1,"visible":true},{"chunk_id":"chxik7s4qb5q0","chunk_label":"unnamed-chunk-6","document_id":"7BC2DB9A","expansion_state":0,"options":{},"row":104,"row_count":1,"visible":true},{"chunk_id":"cozu0omawrkwp","chunk_label":"unnamed-chunk-7","document_id":"7BC2DB9A","expansion_state":0,"options":{},"row":113,"row_count":1,"visible":true},{"chunk_id":"ck2kkwpu7u6np","chunk_label":"unnamed-chunk-8","document_id":"7BC2DB9A","expansion_state":0,"options":{},"row":118,"row_count":1,"visible":true},{"chunk_id":"cod33rcp1qu1z","chunk_label":"unnamed-chunk-9","document_id":"7BC2DB9A","expansion_state":0,"options":{},"row":124,"row_count":1,"visible":true},{"chunk_id":"czju2wkv70hnh","chunk_label":"unnamed-chunk-10","document_id":"7BC2DB9A","expansion_state":0,"options":{},"row":130,"row_count":1,"visible":true},{"chunk_id":"cdh52vd71hb6p","chunk_label":"unnamed-chunk-11","document_id":"7BC2DB9A","expansion_state":0,"options":{},"row":134,"row_count":1,"visible":true},{"chunk_id":"c2lq3mhgjg6p2","chunk_label":"unnamed-chunk-12","document_id":"7BC2DB9A","expansion_state":0,"options":{},"row":139,"row_count":1,"visible":true},{"chunk_id":"clh5hfcwv9gc2","chunk_label":"unnamed-chunk-13","document_id":"7BC2DB9A","expansion_state":0,"options":{},"row":154,"row_count":1,"visible":true},{"chunk_id":"cjrikhovq9eql","chunk_label":"unnamed-chunk-14","document_id":"7BC2DB9A","expansion_state":0,"options":{},"row":169,"row_count":1,"visible":true},{"chunk_id":"c6qwzv75ns6wj","chunk_label":"unnamed-chunk-15","document_id":"7BC2DB9A","expansion_state":0,"options":{},"row":180,"row_count":1,"visible":true},{"chunk_id":"c853whtx3qlz3","chunk_label":"unnamed-chunk-16","document_id":"7BC2DB9A","expansion_state":0,"options":{},"row":197,"row_count":1,"visible":true},{"chunk_id":"c8gmz6l3iaz0s","chunk_label":"unnamed-chunk-17","document_id":"7BC2DB9A","expansion_state":0,"options":{},"row":211,"row_count":1,"visible":true},{"chunk_id":"c97836cqunh84","chunk_label":"unnamed-chunk-18","document_id":"7BC2DB9A","expansion_state":0,"options":{},"row":220,"row_count":1,"visible":true},{"chunk_id":"cbh99arw8jwwy","chunk_label":"unnamed-chunk-19","document_id":"7BC2DB9A","expansion_state":0,"options":{},"row":245,"row_count":1,"visible":true},{"chunk_id":"c3t4v134x4ibz","chunk_label":"unnamed-chunk-20","document_id":"7BC2DB9A","expansion_state":0,"options":{},"row":256,"row_count":1,"visible":true},{"chunk_id":"ca5ald8gw7ghi","chunk_label":"unnamed-chunk-21","document_id":"7BC2DB9A","expansion_state":0,"options":{},"row":267,"row_count":1,"visible":true},{"chunk_id":"chnxdbc21lifn","chunk_label":"unnamed-chunk-22","document_id":"7BC2DB9A","expansion_state":0,"options":{},"row":280,"row_count":1,"visible":true},{"chunk_id":"cobbf48k75syq","chunk_label":"unnamed-chunk-23","document_id":"7BC2DB9A","expansion_state":0,"options":{},"row":290,"row_count":1,"visible":true},{"chunk_id":"ck5321bomthhy","chunk_label":"unnamed-chunk-24","document_id":"7BC2DB9A","expansion_state":0,"options":{},"row":307,"row_count":1,"visible":true},{"chunk_id":"cc6likuddi2bb","chunk_label":"unnamed-chunk-25","document_id":"7BC2DB9A","expansion_state":0,"options":{},"row":314,"row_count":1,"visible":true},{"chunk_id":"cer7ihvnhxy9o","chunk_label":"unnamed-chunk-26","document_id":"7BC2DB9A","expansion_state":0,"options":{},"row":327,"row_count":1,"visible":true},{"chunk_id":"c00q1zwhee46e","chunk_label":"unnamed-chunk-27","document_id":"7BC2DB9A","expansion_state":0,"options":{},"row":333,"row_count":1,"visible":true},{"chunk_id":"c62cl26dpu622","chunk_label":"unnamed-chunk-28","document_id":"7BC2DB9A","expansion_state":0,"options":{},"row":345,"row_count":1,"visible":true},{"chunk_id":"c5c7beuwa4ofa","chunk_label":"unnamed-chunk-29","document_id":"7BC2DB9A","expansion_state":0,"options":{},"row":359,"row_count":1,"visible":true},{"chunk_id":"cf5n3rxyr6boz","chunk_label":"unnamed-chunk-30","document_id":"7BC2DB9A","expansion_state":0,"options":{},"row":370,"row_count":1,"visible":true},{"chunk_id":"chtrdl4owo4e3","chunk_label":"unnamed-chunk-31","document_id":"7BC2DB9A","expansion_state":0,"options":{},"row":377,"row_count":1,"visible":true},{"chunk_id":"clr0rexxktz5s","chunk_label":"unnamed-chunk-32","document_id":"7BC2DB9A","expansion_state":0,"options":{},"row":386,"row_count":1,"visible":true}],"chunk_rendered_width":558,"default_chunk_options":{"echo":true},"doc_write_time":1576359888,"working_dir":null}