"0","require(recipes)"
"0","rcp <- "
"0","  recipe(Life_Expectancy~.,train_data %>% gen_cats) %>% "
"0","  step_range(all_numeric()) %>%  # Normalize scale"
"0","  prep()"
"2","NAs introduced by coercion"
"2","NAs introduced by coercion"
"2","NAs introduced by coercion"
"2","NAs introduced by coercion"
"2","NAs introduced by coercion"
"2","NAs introduced by coercion"
"2","NAs introduced by coercion"
"2","NAs introduced by coercion"
"2","NAs introduced by coercion"
"2","NAs introduced by coercion"
"2","NAs introduced by coercion"
"2","NAs introduced by coercion"
"2","NAs introduced by coercion"
"0","# Apply the recipe to the training and test data"
"0","train_data2 <- bake(rcp,train_data %>% gen_cats)"
"2","NAs introduced by coercion"
"2","NAs introduced by coercion"
"2","NAs introduced by coercion"
"2","NAs introduced by coercion"
"2","NAs introduced by coercion"
"2","NAs introduced by coercion"
"2","NAs introduced by coercion"
"2","NAs introduced by coercion"
"2","NAs introduced by coercion"
"2","NAs introduced by coercion"
"2","NAs introduced by coercion"
"2","NAs introduced by coercion"
"2","NAs introduced by coercion"
"0","test_data2 <- bake(rcp,test_data%>% gen_cats) # Need to transform the character "
