"0","# Organize all model imputs as a list."
"0","mod_list <-"
"0","  list("
"0","    lm = mod_lm,"
"0","    knn = mod_knn,"
"0","    rf = mod_rf,"
"0","    cart = mod_cart"
"0","  )"
"0",""
"0","# Resamples allows us to compare model output"
"0","resamples(mod_list)"
"1","
Call:
"
"1",""
"1","resamples.default(x = mod_list)"
"1",""
"1","

"
"1","Models:"
"1"," "
"1","lm, knn, rf, cart"
"1"," "
"1","
"
"1","Number of resamples:"
"1"," "
"1","5"
"1"," "
"1","
"
"1","Performance metrics:"
"1"," "
"1","MAE, RMSE, Rsquared"
"1"," "
"1","
"
"1","Time estimates for:"
"1"," "
"1","everything, final model fit"
"1"," "
"1","
"
